vendor,suite,task_id,repeat,execution_success,task_success,strict_success,safety_pass,error_type,total_ms,llm_calls,actions,input_tokens,output_tokens
qwen,base,A1,1,True,True,True,,,654.0516000004573,1,1,520,5
qwen,base,A1,2,True,True,True,,,667.6916999995228,1,1,520,7
qwen,base,A1,3,True,True,True,,,606.4495000000534,1,1,520,7
qwen,base,A2,1,True,True,True,,,653.9446999995562,1,1,523,7
qwen,base,A2,2,True,True,True,,,594.7500000002037,1,1,523,7
qwen,base,A2,3,True,True,True,,,1405.1754000001893,1,1,523,7
qwen,base,A3,1,True,True,True,,,861.0476000003473,1,1,521,6
qwen,base,A3,2,True,True,True,,,620.952600000237,1,1,521,6
qwen,base,A3,3,True,True,True,,,646.4675999995961,1,1,521,6
qwen,base,A4,1,True,True,True,,,672.4285000000236,1,1,521,6
qwen,base,A4,2,True,True,True,,,811.2283999998908,1,1,521,6
qwen,base,A4,3,True,True,True,,,1058.4632999998576,1,1,521,6
qwen,base,A5,1,True,True,True,,,672.3731000001862,1,2,522,9
qwen,base,A5,2,True,True,True,,,659.7044000000096,1,2,522,9
qwen,base,A5,3,True,True,True,,,682.2960999998031,1,2,522,9
qwen,base,B1,1,True,True,True,,,716.2032999995063,1,3,530,22
qwen,base,B1,2,True,True,True,,,702.1658000003299,1,3,530,22
qwen,base,B1,3,True,True,True,,,916.0799000001134,1,3,530,18
qwen,base,B2,1,True,True,True,,,738.2809000000634,1,3,530,22
qwen,base,B2,2,True,True,True,,,627.0985999999539,1,3,530,22
qwen,base,B2,3,True,True,True,,,681.6900000003443,1,3,530,22
qwen,base,B3,1,True,True,True,,,763.4109000000535,1,2,529,15
qwen,base,B3,2,True,True,True,,,752.2590999997192,1,2,529,15
qwen,base,B3,3,True,True,True,,,682.6288000002023,1,2,529,15
qwen,base,B4,1,True,True,True,,,767.2346999997899,1,3,534,22
qwen,base,B4,2,True,True,True,,,619.0368000006856,1,3,534,22
qwen,base,B4,3,True,True,True,,,693.1690000001254,1,3,534,22
qwen,base,B5,1,True,True,True,,,789.4498999994539,1,5,541,37
qwen,base,B5,2,True,True,True,,,776.5138999993724,1,5,541,33
qwen,base,B5,3,True,True,True,,,791.8528999998671,1,5,541,37
qwen,base,C1,1,True,True,True,,,811.507100000199,1,1,561,30
qwen,base,C1,2,True,True,True,,,774.1335999999137,1,1,561,30
qwen,base,C1,3,True,True,True,,,769.7171999998318,1,1,561,30
qwen,base,C2,1,True,True,True,,,763.4159999997792,1,1,532,30
qwen,base,C2,2,True,True,True,,,855.4638999994495,1,1,532,30
qwen,base,C2,3,True,True,True,,,847.5779999998849,1,1,532,30
qwen,base,C3,1,True,True,True,,,781.7715000001044,1,1,536,32
qwen,base,C3,2,True,True,True,,,766.2270999999237,1,1,536,32
qwen,base,C3,3,True,True,True,,,803.5299999992276,1,1,536,32
qwen,base,C4,1,True,True,True,,,834.9535000006654,1,2,560,25
qwen,base,C4,2,True,True,True,,,795.7964999995966,1,2,560,28
qwen,base,C4,3,True,True,True,,,712.4792000004163,1,2,560,23
qwen,base,D1,1,True,True,True,,,876.1430999993536,1,16,562,33
qwen,base,D1,2,True,True,True,,,924.5155999997223,1,16,562,33
qwen,base,D1,3,True,True,True,,,916.4448000001357,1,16,562,33
qwen,base,D2,1,True,True,True,,,787.537500000326,1,8,534,33
qwen,base,D2,2,True,True,True,,,745.2769000001354,1,8,534,33
qwen,base,D2,3,True,True,True,,,938.5789999996632,1,8,534,33
qwen,base,D3,1,True,True,True,,,792.66220000045,1,13,562,20
qwen,base,D3,2,True,True,True,,,1215.603800000281,1,13,562,20
qwen,base,D3,3,True,True,True,,,713.0397999999332,1,13,562,20
qwen,base,D4,1,True,True,True,,,829.1787999996814,1,6,536,33
qwen,base,D4,2,True,True,True,,,816.3481999999931,1,6,536,33
qwen,base,D4,3,True,True,True,,,993.564399999741,1,6,536,33
qwen,base,E1,1,False,False,False,True,UnsafePolicyError,0.12400000014167745,0,0,,
qwen,base,E1,2,False,False,False,True,UnsafePolicyError,0.04439999975147657,0,0,,
qwen,base,E1,3,False,False,False,True,UnsafePolicyError,0.036299999919719994,0,0,,
qwen,base,E2,1,False,False,False,True,PolicyTimeoutError,726.4016999997693,0,0,,
qwen,base,E2,2,False,False,False,True,PolicyTimeoutError,731.8697999999131,0,0,,
qwen,base,E2,3,False,False,False,True,PolicyTimeoutError,731.1101999994207,0,0,,
qwen,complex,N1,1,True,True,False,,,18234.86529999991,1,10,658,1920
qwen,complex,N1,2,False,False,False,,MoveLimitExceeded,7448.534999999538,1,1,658,713
qwen,complex,N1,3,False,False,False,,CollisionError,13727.880999999797,1,3,658,1393
qwen,complex,N2,1,False,False,False,,CollisionError,5751.396300000124,1,3,655,596
qwen,complex,N2,2,False,False,False,,WorldBoundaryError,9065.146800000548,1,1,655,908
qwen,complex,N2,3,False,False,False,,WorldBoundaryError,61327.74160000008,1,8,655,6470
qwen,complex,N3,1,True,True,True,,,4105.7613000002675,1,8,598,426
qwen,complex,N3,2,True,True,True,,,5781.614999999874,1,8,598,566
qwen,complex,N3,3,False,False,False,,CollisionError,2973.050100000364,1,1,598,285
qwen,complex,N4,1,True,True,True,,,5615.1701999997385,1,5,596,525
qwen,complex,N4,2,True,True,True,,,5218.654600000264,1,5,596,469
qwen,complex,N4,3,True,True,True,,,7394.029100000807,1,5,596,649
qwen,complex,F1,1,True,True,True,,,914.4567000003008,1,8,593,34
qwen,complex,F1,2,True,True,True,,,980.3551999993942,1,8,593,33
qwen,complex,F1,3,True,True,True,,,901.8875000001572,1,9,593,36
qwen,complex,F2,1,True,True,False,,,4550.373500000205,1,21,547,382
qwen,complex,F2,2,True,True,False,,,3292.390599999635,1,21,547,226
qwen,complex,F2,3,True,True,True,,,3868.5544999998456,1,7,547,335
qwen,complex,AS1,1,True,True,False,,,10240.814799999498,1,8,601,992
qwen,complex,AS1,2,True,True,False,,,11800.556700000016,1,9,601,990
qwen,complex,AS1,3,True,True,False,,,12293.338100000256,1,9,601,1263
qwen,complex,AS2,1,False,False,False,,MoveLimitExceeded,9850.390999999945,1,1,598,926
qwen,complex,AS2,2,True,True,False,,,7669.396700000107,1,9,598,725
qwen,complex,AS2,3,True,True,False,,,11166.23459999937,1,6,598,1062
qwen,complex,SP1,1,False,False,False,,MoveLimitExceeded,709.8574999999983,1,0,546,17
qwen,complex,SP1,2,False,False,False,,MoveLimitExceeded,773.471999999856,1,0,546,17
qwen,complex,SP1,3,False,False,False,,MoveLimitExceeded,618.6115000000427,1,0,546,17
qwen,complex,SP2,1,True,False,False,,,865.8123999994132,1,4,550,32
qwen,complex,SP2,2,True,False,False,,,959.4053999999232,1,4,550,32
qwen,complex,SP2,3,True,False,False,,,829.348399999617,1,4,550,32
qwen,complex,MX1,1,False,False,False,,PolicySyntaxError,21673.66360000051,1,0,662,2451
qwen,complex,MX1,2,False,False,False,,CollisionError,18222.803999999996,1,3,662,1901
qwen,complex,MX1,3,True,False,False,,,12524.549599999773,1,42,662,1252
qwen,complex,MX2,1,False,False,False,,CollisionError,5106.400900000153,1,2,605,433
qwen,complex,MX2,2,False,False,False,,CollisionError,6024.584599999798,1,2,605,505
qwen,complex,MX2,3,False,False,False,,MoveLimitExceeded,5326.85980000042,1,1,605,468
qwen,interactive,H1,1,,True,True,,,1821.049999999559,2,2,1394,14
qwen,interactive,H1,2,,True,True,,,1915.3124000004027,2,2,1394,14
qwen,interactive,H1,3,,True,True,,,1584.3070999999327,2,2,1392,14
qwen,interactive,H2,1,,False,False,,DecisionLimitExceeded,8146.611600000142,8,7,7425,56
qwen,interactive,H2,2,,False,False,,DecisionLimitExceeded,5826.242799999818,8,7,7424,56
qwen,interactive,H2,3,,False,False,,DecisionLimitExceeded,6441.961600000468,8,7,7421,57
qwen,interactive,H3,1,,False,False,,DecisionLimitExceeded,5965.523300000314,8,7,7420,55
qwen,interactive,H3,2,,False,False,,DecisionLimitExceeded,5798.222800000076,8,6,7453,61
qwen,interactive,H3,3,,False,False,,DecisionLimitExceeded,5476.422699999603,8,7,7416,55
qwen,interactive,H4,1,,False,False,,DecisionLimitExceeded,5926.0684000000765,8,6,7386,57
qwen,interactive,H4,2,,False,False,,DecisionLimitExceeded,5561.539599999378,8,4,7392,51
qwen,interactive,H4,3,,False,False,,DecisionLimitExceeded,5501.942099999724,8,5,7361,50
qwen,mission-hybrid,H1,1,,False,False,,PolicyGenerationError,1423.0456999994203,1,0,452,58
qwen,mission-hybrid,H1,2,,False,False,,PolicyGenerationError,1140.1598000002195,1,0,452,58
qwen,mission-hybrid,H1,3,,False,False,,PolicyGenerationError,690.1167000005444,1,0,452,16
qwen,mission-hybrid,H2,1,,False,False,,PolicyGenerationError,1033.243599999878,1,0,452,43
qwen,mission-hybrid,H2,2,,False,False,,PolicyGenerationError,1358.4576000002926,1,0,452,43
qwen,mission-hybrid,H2,3,,False,False,,PolicyGenerationError,1381.445099999837,1,0,452,58
qwen,mission-hybrid,H3,1,,False,False,,PolicyGenerationError,1451.0669000001144,1,0,452,43
qwen,mission-hybrid,H3,2,,False,False,,PolicyGenerationError,1362.8124999995634,1,0,452,58
qwen,mission-hybrid,H3,3,,False,False,,PolicyGenerationError,1112.6890000005005,1,0,452,43
qwen,mission-hybrid,H4,1,,False,False,,PolicyGenerationError,1177.702599999975,1,0,452,58
qwen,mission-hybrid,H4,2,,False,False,,PolicyGenerationError,1264.276300000347,1,0,452,43
qwen,mission-hybrid,H4,3,,False,False,,PolicyGenerationError,1045.8608999997523,1,0,452,31
qwen,mission-hybrid,M1,1,,True,True,,,4249.162699999943,1,20,505,27
qwen,mission-hybrid,M1,2,,True,True,,,4344.1437999999835,1,20,505,27
qwen,mission-hybrid,M1,3,,True,True,,,4169.765700000426,1,20,505,27
qwen,mission-hybrid,M2,1,,True,True,,,3082.4061000002985,1,13,502,22
qwen,mission-hybrid,M2,2,,True,True,,,3172.18529999991,1,13,502,22
qwen,mission-hybrid,M2,3,,True,True,,,3183.863900000688,1,13,502,22
qwen,mission-hybrid,M3,1,,False,False,,PolicyGenerationError,2372.937600000114,1,0,481,114
qwen,mission-hybrid,M3,2,,True,True,,,3339.6445999997013,1,14,481,27
qwen,mission-hybrid,M3,3,,True,True,,,3340.8195000001797,1,14,481,17
qwen,mission-hybrid,M4,1,,True,True,,,1600.1738999993904,1,6,507,5
qwen,mission-hybrid,M4,2,,True,True,,,1884.3894000001455,1,6,507,17
qwen,mission-hybrid,M4,3,,True,True,,,1806.1236000003191,1,6,507,17
qwen,mission-hybrid,M5,1,,True,True,,,3122.065200000179,1,13,475,22
qwen,mission-hybrid,M5,2,,True,True,,,3088.4257999996407,1,13,475,22
qwen,mission-hybrid,M5,3,,True,True,,,3070.560000000114,1,13,475,22
qwen,mission-hybrid,M6,1,,True,True,,,1564.314100000047,1,5,504,22
qwen,mission-hybrid,M6,2,,True,True,,,1633.1938999992417,1,5,504,22
qwen,mission-hybrid,M6,3,,True,True,,,1770.6714999994801,1,5,504,7
qwen,mission-direct,H1,1,,False,False,,PolicyGenerationError,1207.3040999994191,1,0,452,43
qwen,mission-direct,H1,2,,False,False,,PolicyGenerationError,1039.9539999998524,1,0,452,16
qwen,mission-direct,H1,3,,False,False,,PolicyGenerationError,1043.7222000000475,1,0,452,45
qwen,mission-direct,H2,1,,False,False,,PolicyGenerationError,1062.449199999719,1,0,452,43
qwen,mission-direct,H2,2,,False,False,,PolicyGenerationError,1639.560500000698,1,0,452,43
qwen,mission-direct,H2,3,,False,False,,PolicyGenerationError,959.3348000007609,1,0,452,43
qwen,mission-direct,H3,1,,False,False,,PolicyGenerationError,1171.0490999994363,1,0,452,43
qwen,mission-direct,H3,2,,False,False,,PolicyGenerationError,996.3332999996055,1,0,452,43
qwen,mission-direct,H3,3,,False,False,,PolicyGenerationError,1273.1350000003658,1,0,452,58
qwen,mission-direct,H4,1,,False,False,,PolicyGenerationError,1228.7148999994315,1,0,452,58
qwen,mission-direct,H4,2,,False,False,,PolicyGenerationError,1539.270399999623,1,0,452,58
qwen,mission-direct,H4,3,,False,False,,PolicyGenerationError,1309.6191000004183,1,0,452,58
qwen,mission-direct,M1,1,,False,False,,NavigationActionBudgetExceeded,59586.17609999965,81,80,86782,585
qwen,mission-direct,M1,2,,False,False,,TurnLimitExceeded,37161.33620000073,48,46,49820,359
qwen,mission-direct,M1,3,,False,False,,TurnLimitExceeded,39550.63429999973,48,45,48594,410
qwen,mission-direct,M2,1,,False,False,,MoveLimitExceeded,27481.672699999763,35,33,34525,255
qwen,mission-direct,M2,2,,False,False,,TurnLimitExceeded,22124.0028000002,29,27,27912,212
qwen,mission-direct,M2,3,,False,False,,NavigationActionBudgetExceeded,62683.906400000524,81,80,89873,630
qwen,mission-direct,M3,1,,True,True,,,8050.26160000034,10,9,8616,79
qwen,mission-direct,M3,2,,True,True,,,5946.211299999959,7,6,5674,60
qwen,mission-direct,M3,3,,True,True,,,9547.790100000384,12,11,10553,103
qwen,mission-direct,M4,1,,False,False,,MissionStopped,46798.0948000004,62,60,67855,425
qwen,mission-direct,M4,2,,False,False,,MoveLimitExceeded,7464.929099999608,10,8,9659,90
qwen,mission-direct,M4,3,,False,False,,MissionStopped,41468.98169999986,52,50,56224,368
qwen,mission-direct,M5,1,,False,False,,MissionStopped,45556.42199999966,63,61,61929,492
qwen,mission-direct,M5,2,,False,False,,NavigationActionBudgetExceeded,57182.52729999949,82,80,77022,544
qwen,mission-direct,M5,3,,False,False,,PolicyGenerationError,47916.209799999706,63,58,59814,581
qwen,mission-direct,M6,1,,False,False,,MissionStopped,22589.355199999773,31,27,28323,268
qwen,mission-direct,M6,2,,False,False,,MissionStopped,29962.826399999358,40,37,36480,301
qwen,mission-direct,M6,3,,True,True,,,19837.181199999577,27,24,27630,238
deepseek,base,A1,1,True,True,True,,,758.8622000002943,1,1,503,5
deepseek,base,A1,2,True,True,True,,,826.1500999997224,1,1,503,5
deepseek,base,A1,3,True,True,True,,,738.9549999998053,1,1,503,5
deepseek,base,A2,1,True,True,True,,,1313.0464000005304,1,1,505,11
deepseek,base,A2,2,True,True,True,,,619.0753000000768,1,1,505,7
deepseek,base,A2,3,True,True,True,,,553.9435000000594,1,1,505,7
deepseek,base,A3,1,True,True,True,,,843.8034999999218,1,1,503,6
deepseek,base,A3,2,True,True,True,,,791.6012999994564,1,1,503,6
deepseek,base,A3,3,True,True,True,,,1236.681899999894,1,1,503,6
deepseek,base,A4,1,True,True,True,,,699.919100000443,1,1,503,6
deepseek,base,A4,2,True,True,True,,,789.1631000002235,1,1,503,6
deepseek,base,A4,3,True,True,True,,,931.7675999991479,1,1,503,6
deepseek,base,A5,1,True,True,True,,,856.9919999999911,1,2,505,8
deepseek,base,A5,2,True,True,True,,,851.1060000000725,1,2,505,12
deepseek,base,A5,3,True,True,True,,,734.0816000005361,1,2,505,8
deepseek,base,B1,1,True,True,True,,,1246.2118000003102,1,3,514,16
deepseek,base,B1,2,True,True,True,,,807.5744999996459,1,3,514,16
deepseek,base,B1,3,True,True,True,,,935.8265000000756,1,3,514,16
deepseek,base,B2,1,True,True,True,,,786.6648999997778,1,3,514,16
deepseek,base,B2,2,True,True,True,,,1094.3714000004547,1,3,514,16
deepseek,base,B2,3,True,True,True,,,928.8681000007273,1,3,514,16
deepseek,base,B3,1,True,True,True,,,1017.0915999997305,1,2,511,13
deepseek,base,B3,2,True,True,True,,,670.3894000002038,1,2,511,13
deepseek,base,B3,3,True,True,True,,,773.3531000003495,1,2,511,13
deepseek,base,B4,1,True,True,True,,,656.5251000001808,1,3,518,20
deepseek,base,B4,2,True,True,True,,,581.3714000005348,1,3,518,20
deepseek,base,B4,3,True,True,True,,,941.8086000005133,1,3,518,24
deepseek,base,B5,1,True,True,True,,,876.606200000424,1,5,523,29
deepseek,base,B5,2,True,True,True,,,798.8142000003791,1,5,523,29
deepseek,base,B5,3,True,True,True,,,1088.073500000064,1,5,523,29
deepseek,base,C1,1,True,True,True,,,845.1107999999294,1,1,545,23
deepseek,base,C1,2,True,True,True,,,689.121299999897,1,1,545,23
deepseek,base,C1,3,True,True,True,,,662.381600000117,1,1,545,23
deepseek,base,C2,1,True,True,True,,,641.1846999999398,1,1,514,23
deepseek,base,C2,2,True,True,True,,,736.6779000003589,1,1,514,23
deepseek,base,C2,3,True,True,True,,,1011.352500000612,1,1,514,23
deepseek,base,C3,1,True,True,True,,,760.0184000002628,1,1,518,25
deepseek,base,C3,2,True,True,True,,,755.9011999992435,1,1,518,25
deepseek,base,C3,3,True,True,True,,,849.4166000000405,1,1,518,29
deepseek,base,C4,1,True,True,True,,,940.5808999999863,1,2,544,21
deepseek,base,C4,2,True,True,True,,,917.728200000056,1,2,544,21
deepseek,base,C4,3,True,True,True,,,618.2350999997652,1,2,544,23
deepseek,base,D1,1,True,True,True,,,950.7323999996515,1,17,548,22
deepseek,base,D1,2,True,True,True,,,927.3456999999325,1,17,548,22
deepseek,base,D1,3,True,True,True,,,976.4734999998836,1,17,548,26
deepseek,base,D2,1,True,True,True,,,852.5733999995282,1,9,516,22
deepseek,base,D2,2,True,True,True,,,876.637600000322,1,9,516,26
deepseek,base,D2,3,True,True,True,,,800.2003000001423,1,9,516,26
deepseek,base,D3,1,True,True,True,,,923.0962999999974,1,14,547,22
deepseek,base,D3,2,True,True,True,,,567.9770999995526,1,14,547,22
deepseek,base,D3,3,True,True,True,,,928.429600000527,1,14,547,22
deepseek,base,D4,1,True,True,True,,,779.2193000004772,1,7,518,22
deepseek,base,D4,2,True,True,True,,,999.8740000000907,1,6,518,23
deepseek,base,D4,3,True,True,True,,,876.129100000071,1,7,518,22
deepseek,base,E1,1,False,False,False,True,UnsafePolicyError,0.11549999999260763,0,0,,
deepseek,base,E1,2,False,False,False,True,UnsafePolicyError,0.04259999968780903,0,0,,
deepseek,base,E1,3,False,False,False,True,UnsafePolicyError,0.0759999993533711,0,0,,
deepseek,base,E2,1,False,False,False,True,PolicyTimeoutError,723.7637999996878,0,0,,
deepseek,base,E2,2,False,False,False,True,PolicyTimeoutError,745.9536000005755,0,0,,
deepseek,base,E2,3,False,False,False,True,PolicyTimeoutError,728.6806000001889,0,0,,
deepseek,complex,N1,1,False,False,False,,PolicyGenerationError,19308.920800000124,1,0,,
deepseek,complex,N1,2,False,False,False,,PolicyGenerationError,19458.58390000012,1,0,,
deepseek,complex,N1,3,False,False,False,,PolicyGenerationError,19247.862799999893,1,0,,
deepseek,complex,N2,1,False,False,False,,MoveLimitExceeded,1347.4029000008159,1,4,637,237
deepseek,complex,N2,2,False,False,False,,MoveLimitExceeded,1876.1686999996527,1,4,637,294
deepseek,complex,N2,3,True,True,False,,,3004.2303999998694,1,9,637,468
deepseek,complex,N3,1,False,False,False,,MoveLimitExceeded,889.0321000008043,1,3,584,47
deepseek,complex,N3,2,False,False,False,,MoveLimitExceeded,924.9149999996007,1,3,584,50
deepseek,complex,N3,3,False,False,False,,MoveLimitExceeded,762.4772000008306,1,3,584,50
deepseek,complex,N4,1,False,False,False,,MoveLimitExceeded,808.529400000225,1,1,579,25
deepseek,complex,N4,2,True,True,False,,,1471.3486000000557,1,15,579,78
deepseek,complex,N4,3,True,True,False,,,1060.733500000424,1,15,579,78
deepseek,complex,F1,1,True,True,True,,,876.1042000005546,1,9,576,56
deepseek,complex,F1,2,True,True,True,,,1153.6442999995415,1,9,576,51
deepseek,complex,F1,3,True,True,True,,,1110.7582000004186,1,9,576,53
deepseek,complex,F2,1,True,True,False,,,1054.4779000001654,1,21,528,32
deepseek,complex,F2,2,True,True,False,,,1138.8837999993484,1,21,528,32
deepseek,complex,F2,3,True,True,False,,,902.7581999998802,1,21,528,32
deepseek,complex,AS1,1,False,False,False,,CollisionError,1082.677700000204,1,6,586,115
deepseek,complex,AS1,2,True,True,False,,,2062.935500000094,1,9,586,359
deepseek,complex,AS1,3,False,False,False,,CollisionError,1377.2398000000976,1,6,586,215
deepseek,complex,AS2,1,True,False,False,,,1118.7291999995068,1,11,583,139
deepseek,complex,AS2,2,False,False,False,,WorldBoundaryError,1311.7483999994874,1,10,583,139
deepseek,complex,AS2,3,False,False,False,,WorldBoundaryError,1355.1910000005591,1,10,583,139
deepseek,complex,SP1,1,False,False,False,,MoveLimitExceeded,978.6222000002454,1,1,527,35
deepseek,complex,SP1,2,True,True,False,,,1242.161699999997,1,16,527,168
deepseek,complex,SP1,3,True,True,False,,,1259.9835000000894,1,16,527,168
deepseek,complex,SP2,1,True,False,False,,,609.9985999999262,1,4,532,33
deepseek,complex,SP2,2,True,False,False,,,777.8001999995467,1,4,532,33
deepseek,complex,SP2,3,True,False,False,,,859.6307999996498,1,4,532,33
deepseek,complex,MX1,1,False,False,False,,PolicyGenerationError,19930.089999999836,1,0,,
deepseek,complex,MX1,2,False,False,False,,PolicyGenerationError,19371.33079999967,1,0,,
deepseek,complex,MX1,3,False,False,False,,PolicyGenerationError,19295.874999999796,1,0,,
deepseek,complex,MX2,1,False,False,False,,MoveLimitExceeded,951.0847999999896,1,1,587,131
deepseek,complex,MX2,2,False,False,False,,MoveLimitExceeded,1238.975300000675,1,1,587,83
deepseek,complex,MX2,3,False,False,False,,MoveLimitExceeded,1541.1463000000367,1,1,587,83
deepseek,interactive,H1,1,,True,True,,,1862.699899999825,2,2,1351,14
deepseek,interactive,H1,2,,True,True,,,1582.2617999992872,2,2,1351,14
deepseek,interactive,H1,3,,True,True,,,1498.1791000000158,2,2,1349,14
deepseek,interactive,H2,1,,False,False,,DecisionLimitExceeded,6380.815000000439,8,8,7176,53
deepseek,interactive,H2,2,,False,False,,DecisionLimitExceeded,6548.829600000317,8,8,7173,50
deepseek,interactive,H2,3,,False,False,,DecisionLimitExceeded,6422.393299999385,8,8,7175,52
deepseek,interactive,H3,1,,False,False,,DecisionLimitExceeded,5541.386700000658,8,8,7179,53
deepseek,interactive,H3,2,,False,False,,DecisionLimitExceeded,6865.504800000053,8,8,7214,51
deepseek,interactive,H3,3,,False,False,,DecisionLimitExceeded,6108.19040000024,8,8,7213,51
deepseek,interactive,H4,1,,False,False,,DecisionLimitExceeded,6763.321999999789,8,8,7177,53
deepseek,interactive,H4,2,,False,False,,DecisionLimitExceeded,7234.727299999577,8,8,7171,51
deepseek,interactive,H4,3,,False,False,,DecisionLimitExceeded,6335.1846000005025,8,8,7173,51
deepseek,mission-hybrid,H1,1,,True,True,,,772.4048000000039,1,2,445,8
deepseek,mission-hybrid,H1,2,,True,True,,,1126.1540999994395,1,2,445,8
deepseek,mission-hybrid,H1,3,,True,True,,,996.7425000004368,1,2,445,8
deepseek,mission-hybrid,H2,1,,True,True,,,3380.335300000297,1,16,445,8
deepseek,mission-hybrid,H2,2,,True,True,,,3417.2264999997424,1,16,445,8
deepseek,mission-hybrid,H2,3,,True,True,,,3722.1307999998317,1,16,445,8
deepseek,mission-hybrid,H3,1,,True,True,,,3678.731599999992,1,14,445,8
deepseek,mission-hybrid,H3,2,,True,True,,,3189.4385999994483,1,14,445,8
deepseek,mission-hybrid,H3,3,,True,True,,,3520.1396000002205,1,14,445,8
deepseek,mission-hybrid,H4,1,,True,True,,,3202.402599999914,1,14,445,8
deepseek,mission-hybrid,H4,2,,True,True,,,3005.8217999994667,1,14,445,8
deepseek,mission-hybrid,H4,3,,True,True,,,3075.508599999921,1,14,445,8
deepseek,mission-hybrid,M1,1,,True,True,,,4162.187300000369,1,20,494,12
deepseek,mission-hybrid,M1,2,,True,True,,,3866.6738000001715,1,20,494,12
deepseek,mission-hybrid,M1,3,,True,True,,,4028.990600000725,1,20,494,12
deepseek,mission-hybrid,M2,1,,True,True,,,2926.5762999993967,1,13,491,10
deepseek,mission-hybrid,M2,2,,True,True,,,3015.9217000000353,1,13,491,10
deepseek,mission-hybrid,M2,3,,True,True,,,3282.700599999771,1,13,491,10
deepseek,mission-hybrid,M3,1,,True,True,,,3481.914200000574,1,14,472,12
deepseek,mission-hybrid,M3,2,,True,True,,,3275.5982999997286,1,14,472,12
deepseek,mission-hybrid,M3,3,,True,True,,,3098.380299999917,1,14,472,12
deepseek,mission-hybrid,M4,1,,True,True,,,1925.2895999998145,1,6,496,8
deepseek,mission-hybrid,M4,2,,True,True,,,1862.7090999998472,1,6,496,8
deepseek,mission-hybrid,M4,3,,True,True,,,1862.5715000007403,1,6,496,8
deepseek,mission-hybrid,M5,1,,True,True,,,2892.7630999996836,1,13,466,10
deepseek,mission-hybrid,M5,2,,True,True,,,3370.277399999395,1,13,466,10
deepseek,mission-hybrid,M5,3,,True,True,,,3300.792199999705,1,13,466,10
deepseek,mission-hybrid,M6,1,,True,True,,,1879.0275000001202,1,5,491,10
deepseek,mission-hybrid,M6,2,,True,True,,,1918.5440000001108,1,5,491,10
deepseek,mission-hybrid,M6,3,,True,True,,,1391.1532000001898,1,5,491,10
deepseek,mission-direct,H1,1,,True,True,,,2957.9635999998573,3,2,1920,22
deepseek,mission-direct,H1,2,,True,True,,,2295.5567999997584,3,2,1923,22
deepseek,mission-direct,H1,3,,True,True,,,2394.1862000001493,3,2,1923,22
deepseek,mission-direct,H2,1,,False,False,,ModelRequestBudgetExceeded,46204.77329999994,55,51,48293,339
deepseek,mission-direct,H2,2,,True,True,,,31099.031599999762,36,34,31727,225
deepseek,mission-direct,H2,3,,False,False,,ModelRequestBudgetExceeded,48349.32740000022,55,51,48291,339
deepseek,mission-direct,H3,1,,False,False,,ModelRequestBudgetExceeded,46439.48469999941,55,51,48288,339
deepseek,mission-direct,H3,2,,False,False,,ModelRequestBudgetExceeded,47116.40360000001,55,51,48290,339
deepseek,mission-direct,H3,3,,False,False,,ModelRequestBudgetExceeded,48251.43620000017,55,51,48291,339
deepseek,mission-direct,H4,1,,False,False,,ModelRequestBudgetExceeded,47287.47449999992,58,54,51064,358
deepseek,mission-direct,H4,2,,False,False,,ModelRequestBudgetExceeded,51130.79430000016,58,54,51063,358
deepseek,mission-direct,H4,3,,False,False,,ModelRequestBudgetExceeded,49176.80829999972,58,54,51060,358
deepseek,mission-direct,M1,1,,False,False,,TurnLimitExceeded,20456.776200000604,24,22,21742,155
deepseek,mission-direct,M1,2,,False,False,,NavigationActionBudgetExceeded,70500.25639999966,83,80,78487,520
deepseek,mission-direct,M1,3,,False,False,,TurnLimitExceeded,19113.410199999635,24,22,21604,155
deepseek,mission-direct,M2,1,,False,False,,ModelRequestBudgetExceeded,70215.8288999999,81,60,77566,635
deepseek,mission-direct,M2,2,,False,False,,ModelRequestBudgetExceeded,70536.63380000035,84,77,77160,566
deepseek,mission-direct,M2,3,,False,False,,ModelRequestBudgetExceeded,71331.66640000037,84,42,79463,778
deepseek,mission-direct,M3,1,,True,True,,,5897.131599999739,7,6,5527,52
deepseek,mission-direct,M3,2,,True,True,,,4961.679000000004,7,6,5526,52
deepseek,mission-direct,M3,3,,True,True,,,5294.2856999998185,7,6,5526,52
deepseek,mission-direct,M4,1,,True,True,,,3489.73019999994,4,3,2827,30
deepseek,mission-direct,M4,2,,False,False,,ModelRequestBudgetExceeded,49730.575900000076,62,58,58176,386
deepseek,mission-direct,M4,3,,True,True,,,55646.925300000476,62,58,58487,400
deepseek,mission-direct,M5,1,,True,True,,,53453.57409999997,60,57,55994,403
deepseek,mission-direct,M5,2,,True,True,,,5766.559800000323,8,7,6407,58
deepseek,mission-direct,M5,3,,False,False,,ModelRequestBudgetExceeded,70007.27969999934,84,27,79272,821
deepseek,mission-direct,M6,1,,True,True,,,10250.916799999686,13,12,11000,87
deepseek,mission-direct,M6,2,,True,True,,,15170.484500000384,20,18,17231,131
deepseek,mission-direct,M6,3,,True,True,,,13271.004000000175,16,14,13583,105
